{"GtECFRk5J+H0mALiWaDLIA==":"cui%202019-8-1180x360.png","EX8vl+lgRVEkesDs0HzLpA==":"cui%202019-9-2000x703.png","wQhASIJ495o+/1glvQkZCA==":"bridge2-2000x512.png","s5rk/uqF+NypejIksPa3jA==":"bridge3-2000x556.png","JPIT2hmhGXaL6gMlc2ckJw==":"cui%202019-10-2000x703.png","wUI2zNsQbPtpsjCSHWsUqQ==":"cui%202019-11-2000x703.png","+DhCjqRvDiXogKII/c46Pg==":"cosmin%20munteanu%20headshot-crop-360x375.jpg","3uwo3pJiDdmaqx1VTXqS/w==":"screenshot%202018-12-11%20at%2014.47.18-676x488.png","xWVEV47swzSlAU+EyCIIPA==":"web-logo-250x250.png","dkZX0ZAzxORVBe9RATA2Hg==":"screen%20shot%202017-11-07%20at%2015.25.43-478x662.png","hBFoHjuu5Kxy8fGsC3zdng==":"screen%20shot%202017-11-07%20at%2015.25.43-478x662.png","vhWbGINmygQOu8WiE0meew==":"mbr-676x380.jpg","EVMSf8VOKG/Ccp1hlwjs5w==":"ucd.gif","NjEylq6bcQkQkUlu57l17w==":"d-zfux-k_400x400-400x400.jpg","kcDbwkUlgcXw9fNH4Ol7Qg==":"cosmin%20munteanu%20headshot-crop-360x375.jpg","ewZz623ZbQcq7KoKyI0DnA==":"irc-logo-492x413.jpg","jz2TGE+zyjP1Zb9Evr1YjQ==":"sb_with_glasses-227x268.jpg","mIIbxW0r7dEZSbMPwcoYdg==":"background2.jpg","8l9r5sXG3StK+Kzo5Ntz6w==":"adapt_logo%20copy-385x250.png","Info2iy+qv3l0zc0X4KVhg==":"screenshot%202019-02-07%20at%2016.57.17-233x93.png","tcK0dqj7hAPavvhu63Nyng==":"acm-in-cooperation_large-676x210.jpg","2UnjKTYd7GJ7mjvJ8Akbrw==":"sigchi_logo-676x175.jpg","1PUwMIsh6h56xRfghzU2aA==":"adapt-centre-logo-676x444.png","enjyXrmeHUYWK9E8VnUhHg==":"sigchi_logo-1-676x175.jpg","Okc5LJJRHBnvDEN4TSIEbQ==":"acm-in-cooperation_large-1-676x210.jpg","aOkBqNG/MerxIRo1CM1vPA==":"acm-in-cooperation_large-702x218.jpg","WHo3bmrUQeIwaCt5IV6+zQ==":"sigchi_logo-1046x270.jpg","pa5Dkwo/T1qgW/t0h+fQvA==":"background5.jpg","UAc7kepzJPkrSn4uqTRvmw==":"background4.jpg","DLAkal7l6QbLAmT+Nt7ZhQ==":"microsoft-logo_rgb_c-gray-1004x450.png","XneVdVUw5UciERKHdFY5fg==":"25509582587_0790257a36_b-436x291.jpg","JtbY1P/iK1DGZL1mg9ewqw==":"albert_college_front2-598x399.jpg","sT80Y4RCGNBrSInGgrjIuA==":"background3.jpg","6W0LKrvrkB8d3Em4JYZc6A==":"taglab_sticker_lab-only-1046x273.png","6p3x/V53I0kcx53g71V4Qg==":"voysis-logo@3x-648x195.png","Rn7j3IinGnIjEOuB++1/BA==":"logo-print-1046x282.png","OM6hTwqMAQpTVhLcPG86xg==":"background1.jpg","hmtQHziXS/caCG9xptUaEQ==":"accenture%20td%202016%20logo%20black%20rgb-1046x504.png","AVBmyvvuogu6BsNSszpqqg==":"fj_logo-1046x394.png","p8+jtLyQqoVGrFr0pZdkMQ==":"fj_logo-1-1046x394.png","Q8lZGNtzcXbK8Ro/mNebHg==":"fj_logo-2-1046x394.png","3T35wDmdLp4MeSRDeIdFvw==":"fjord-1046x395.png"}